"A","c","t","i","v","e"
"A","c","t","i","v","e"
"A","c","t","i","v","e"
"A","c","t","i","v","e"
"A","c","t","i","v","e"
"A","c","t","i","v","e"
"A","c","t","i","v","e"
"A","c","t","i","v","e"
"A","c","t","i","v","e"
"A","c","t","i","v","e"
"A","c","c","e","p","t","e","d"
"A","c","t","i","v","e"
"A","c","t","i","v","e"
"A","c","t","i","v","e"
"A","c","t","i","v","e"
"A","c","t","i","v","e"
"F","i","n","a","l"
"F","i","n","a","l"
"F","i","n","a","l"
"A","c","t","i","v","e"
"F","i","n","a","l"
"A","c","t","i","v","e"
"A","c","t","i","v","e"
"F","i","n","a","l"
"F","i","n","a","l"
"A","c","t","i","v","e"
"F","i","n","a","l"
"F","i","n","a","l"
"A","c","t","i","v","e"
"F","i","n","a","l"
"A","c","t","i","v","e"
"A","c","t","i","v","e"
"F","i","n","a","l"
"F","i","n","a","l"
"A","c","t","i","v","e"
"F","i","n","a","l"
"F","i","n","a","l"
"A","c","c","e","p","t","e","d"
"A","c","t","i","v","e"
"A","c","t","i","v","e"
"A","c","t","i","v","e"
"A","c","t","i","v","e"
"F","i","n","a","l"
"A","c","t","i","v","e"
"A","c","c","e","p","t","e","d"
"A","c","c","e","p","t","e","d"
"F","i","n","a","l"
"A","c","c","e","p","t","e","d"
"A","c","t","i","v","e"
"F","i","n","a","l"
"F","i","n","a","l"
"A","c","c","e","p","t","e","d"
"A","c","t","i","v","e"
"F","i","n","a","l"
"A","c","t","i","v","e"
"A","c","t","i","v","e"
"A","c","c","e","p","t","e","d"
"A","c","t","i","v","e"
"A","c","t","i","v","e"
"A","c","t","i","v","e"
"A","c","t","i","v","e"
"A","c","c","e","p","t","e","d"
"A","c","c","e","p","t","e","d"
"A","c","c","e","p","t","e","d"
"A","c","c","e","p","t","e","d"
"A","c","c","e","p","t","e","d"
"A","c","c","e","p","t","e","d"
"A","c","c","e","p","t","e","d"
"A","c","c","e","p","t","e","d"
"A","c","c","e","p","t","e","d"
"A","c","c","e","p","t","e","d"
"A","c","c","e","p","t","e","d"
"A","c","c","e","p","t","e","d"
"A","c","c","e","p","t","e","d"
"A","c","c","e","p","t","e","d"
"A","c","c","e","p","t","e","d"
"A","c","c","e","p","t","e","d"
"A","c","c","e","p","t","e","d"
"A","c","c","e","p","t","e","d"
"A","c","c","e","p","t","e","d"
"A","c","c","e","p","t","e","d"
"A","c","c","e","p","t","e","d"
"A","c","c","e","p","t","e","d"
"A","c","c","e","p","t","e","d"
"A","c","c","e","p","t","e","d"
"A","c","c","e","p","t","e","d"
"A","c","c","e","p","t","e","d"
"A","c","c","e","p","t","e","d"
"A","c","c","e","p","t","e","d"
"A","c","c","e","p","t","e","d"
"A","c","c","e","p","t","e","d"
"A","c","c","e","p","t","e","d"
"A","c","c","e","p","t","e","d"
"A","c","c","e","p","t","e","d"
"A","c","c","e","p","t","e","d"
"A","c","c","e","p","t","e","d"
"A","c","c","e","p","t","e","d"
"D","r","a","f","t"
"D","r","a","f","t"
"D","r","a","f","t"
"D","r","a","f","t"
"D","r","a","f","t"
"D","r","a","f","t"
"D","r","a","f","t"
"D","r","a","f","t"
"D","r","a","f","t"
"D","r","a","f","t"
"D","r","a","f","t"
"D","r","a","f","t"
"D","r","a","f","t"
"D","r","a","f","t"
"D","r","a","f","t"
"D","r","a","f","t"
"D","r","a","f","t"
"D","r","a","f","t"
"D","r","a","f","t"
"D","r","a","f","t"
"D","r","a","f","t"
"D","r","a","f","t"
"D","r","a","f","t"
"D","r","a","f","t"
"D","r","a","f","t"
"D","r","a","f","t"
"D","r","a","f","t"
"D","r","a","f","t"
"D","r","a","f","t"
"D","r","a","f","t"
"D","r","a","f","t"
"D","r","a","f","t"
"F","i","n","a","l"
"F","i","n","a","l"
"F","i","n","a","l"
"F","i","n","a","l"
"F","i","n","a","l"
"F","i","n","a","l"
"F","i","n","a","l"
"F","i","n","a","l"
"F","i","n","a","l"
"F","i","n","a","l"
"F","i","n","a","l"
"F","i","n","a","l"
"F","i","n","a","l"
"F","i","n","a","l"
"F","i","n","a","l"
"F","i","n","a","l"
"F","i","n","a","l"
"F","i","n","a","l"
"F","i","n","a","l"
"F","i","n","a","l"
"F","i","n","a","l"
"F","i","n","a","l"
"F","i","n","a","l"
"F","i","n","a","l"
"F","i","n","a","l"
"F","i","n","a","l"
"F","i","n","a","l"
"F","i","n","a","l"
"F","i","n","a","l"
"F","i","n","a","l"
"F","i","n","a","l"
"F","i","n","a","l"
"F","i","n","a","l"
"F","i","n","a","l"
"F","i","n","a","l"
"F","i","n","a","l"
"F","i","n","a","l"
"F","i","n","a","l"
"F","i","n","a","l"
"F","i","n","a","l"
"F","i","n","a","l"
"F","i","n","a","l"
"F","i","n","a","l"
"F","i","n","a","l"
"F","i","n","a","l"
"F","i","n","a","l"
"F","i","n","a","l"
"F","i","n","a","l"
"F","i","n","a","l"
"F","i","n","a","l"
"F","i","n","a","l"
"F","i","n","a","l"
"F","i","n","a","l"
"F","i","n","a","l"
"F","i","n","a","l"
"F","i","n","a","l"
"F","i","n","a","l"
"F","i","n","a","l"
"F","i","n","a","l"
"F","i","n","a","l"
"F","i","n","a","l"
"F","i","n","a","l"
"F","i","n","a","l"
"F","i","n","a","l"
"F","i","n","a","l"
"F","i","n","a","l"
"F","i","n","a","l"
"F","i","n","a","l"
"F","i","n","a","l"
"F","i","n","a","l"
"F","i","n","a","l"
"F","i","n","a","l"
"F","i","n","a","l"
"F","i","n","a","l"
"F","i","n","a","l"
"F","i","n","a","l"
"F","i","n","a","l"
"F","i","n","a","l"
"F","i","n","a","l"
"F","i","n","a","l"
"F","i","n","a","l"
"F","i","n","a","l"
"F","i","n","a","l"
"F","i","n","a","l"
"F","i","n","a","l"
"F","i","n","a","l"
"F","i","n","a","l"
"F","i","n","a","l"
"F","i","n","a","l"
"F","i","n","a","l"
"F","i","n","a","l"
"F","i","n","a","l"
"F","i","n","a","l"
"F","i","n","a","l"
"F","i","n","a","l"
"F","i","n","a","l"
"F","i","n","a","l"
"F","i","n","a","l"
"F","i","n","a","l"
"F","i","n","a","l"
"F","i","n","a","l"
"F","i","n","a","l"
"F","i","n","a","l"
"F","i","n","a","l"
"F","i","n","a","l"
"F","i","n","a","l"
"F","i","n","a","l"
"F","i","n","a","l"
"F","i","n","a","l"
"F","i","n","a","l"
"F","i","n","a","l"
"F","i","n","a","l"
"F","i","n","a","l"
"F","i","n","a","l"
"F","i","n","a","l"
"F","i","n","a","l"
"F","i","n","a","l"
"F","i","n","a","l"
"F","i","n","a","l"
"F","i","n","a","l"
"F","i","n","a","l"
"F","i","n","a","l"
"F","i","n","a","l"
"F","i","n","a","l"
"F","i","n","a","l"
"F","i","n","a","l"
"F","i","n","a","l"
"F","i","n","a","l"
"F","i","n","a","l"
"F","i","n","a","l"
"F","i","n","a","l"
"F","i","n","a","l"
"F","i","n","a","l"
"F","i","n","a","l"
"F","i","n","a","l"
"F","i","n","a","l"
"F","i","n","a","l"
"F","i","n","a","l"
"F","i","n","a","l"
"F","i","n","a","l"
"F","i","n","a","l"
"F","i","n","a","l"
"F","i","n","a","l"
"F","i","n","a","l"
"F","i","n","a","l"
"F","i","n","a","l"
"F","i","n","a","l"
"F","i","n","a","l"
"F","i","n","a","l"
"F","i","n","a","l"
"F","i","n","a","l"
"F","i","n","a","l"
"F","i","n","a","l"
"F","i","n","a","l"
"F","i","n","a","l"
"F","i","n","a","l"
"F","i","n","a","l"
"F","i","n","a","l"
"F","i","n","a","l"
"F","i","n","a","l"
"F","i","n","a","l"
"F","i","n","a","l"
"F","i","n","a","l"
"F","i","n","a","l"
"F","i","n","a","l"
"F","i","n","a","l"
"F","i","n","a","l"
"F","i","n","a","l"
"F","i","n","a","l"
"F","i","n","a","l"
"F","i","n","a","l"
"F","i","n","a","l"
"F","i","n","a","l"
"F","i","n","a","l"
"F","i","n","a","l"
"F","i","n","a","l"
"F","i","n","a","l"
"F","i","n","a","l"
"F","i","n","a","l"
"F","i","n","a","l"
"F","i","n","a","l"
"F","i","n","a","l"
"F","i","n","a","l"
"F","i","n","a","l"
"F","i","n","a","l"
"F","i","n","a","l"
"F","i","n","a","l"
"F","i","n","a","l"
"F","i","n","a","l"
"F","i","n","a","l"
"F","i","n","a","l"
"F","i","n","a","l"
"F","i","n","a","l"
"F","i","n","a","l"
"F","i","n","a","l"
"F","i","n","a","l"
"F","i","n","a","l"
"F","i","n","a","l"
"F","i","n","a","l"
"F","i","n","a","l"
"F","i","n","a","l"
"F","i","n","a","l"
"F","i","n","a","l"
"S","u","p","e","r","s","e","d","e","d"
"F","i","n","a","l"
"F","i","n","a","l"
"F","i","n","a","l"
"F","i","n","a","l"
"F","i","n","a","l"
"F","i","n","a","l"
"F","i","n","a","l"
"F","i","n","a","l"
"F","i","n","a","l"
"F","i","n","a","l"
"F","i","n","a","l"
"F","i","n","a","l"
"F","i","n","a","l"
"F","i","n","a","l"
"F","i","n","a","l"
"F","i","n","a","l"
"F","i","n","a","l"
"S","u","p","e","r","s","e","d","e","d"
"F","i","n","a","l"
"F","i","n","a","l"
"F","i","n","a","l"
"F","i","n","a","l"
"F","i","n","a","l"
"F","i","n","a","l"
"F","i","n","a","l"
"F","i","n","a","l"
"F","i","n","a","l"
"F","i","n","a","l"
"F","i","n","a","l"
"F","i","n","a","l"
"F","i","n","a","l"
"F","i","n","a","l"
"D","e","f","e","r","r","e","d"
"D","e","f","e","r","r","e","d"
"D","e","f","e","r","r","e","d"
"D","e","f","e","r","r","e","d"
"D","e","f","e","r","r","e","d"
"D","e","f","e","r","r","e","d"
"D","e","f","e","r","r","e","d"
"D","e","f","e","r","r","e","d"
"D","e","f","e","r","r","e","d"
"D","e","f","e","r","r","e","d"
"D","e","f","e","r","r","e","d"
"D","e","f","e","r","r","e","d"
"D","e","f","e","r","r","e","d"
"D","e","f","e","r","r","e","d"
"D","e","f","e","r","r","e","d"
"D","e","f","e","r","r","e","d"
"D","e","f","e","r","r","e","d"
"D","e","f","e","r","r","e","d"
"D","e","f","e","r","r","e","d"
"D","e","f","e","r","r","e","d"
"D","e","f","e","r","r","e","d"
"D","e","f","e","r","r","e","d"
"D","e","f","e","r","r","e","d"
"D","e","f","e","r","r","e","d"
"D","e","f","e","r","r","e","d"
"D","e","f","e","r","r","e","d"
"D","e","f","e","r","r","e","d"
"D","e","f","e","r","r","e","d"
"D","e","f","e","r","r","e","d"
"D","e","f","e","r","r","e","d"
"D","e","f","e","r","r","e","d"
"D","e","f","e","r","r","e","d"
"D","e","f","e","r","r","e","d"
"D","e","f","e","r","r","e","d"
"D","e","f","e","r","r","e","d"
"D","e","f","e","r","r","e","d"
"W","i","t","h","d","r","a","w","n"
"W","i","t","h","d","r","a","w","n"
"W","i","t","h","d","r","a","w","n"
"S","u","p","e","r","s","e","d","e","d"
"W","i","t","h","d","r","a","w","n"
"R","e","j","e","c","t","e","d"
"W","i","t","h","d","r","a","w","n"
"W","i","t","h","d","r","a","w","n"
"R","e","j","e","c","t","e","d"
"R","e","j","e","c","t","e","d"
"R","e","j","e","c","t","e","d"
"S","u","p","e","r","s","e","d","e","d"
"R","e","j","e","c","t","e","d"
"R","e","j","e","c","t","e","d"
"R","e","j","e","c","t","e","d"
"R","e","j","e","c","t","e","d"
"W","i","t","h","d","r","a","w","n"
"R","e","j","e","c","t","e","d"
"R","e","j","e","c","t","e","d"
"R","e","j","e","c","t","e","d"
"R","e","j","e","c","t","e","d"
"W","i","t","h","d","r","a","w","n"
"R","e","j","e","c","t","e","d"
"R","e","j","e","c","t","e","d"
"R","e","j","e","c","t","e","d"
"R","e","j","e","c","t","e","d"
"R","e","j","e","c","t","e","d"
"R","e","j","e","c","t","e","d"
"R","e","j","e","c","t","e","d"
"R","e","j","e","c","t","e","d"
"W","i","t","h","d","r","a","w","n"
"R","e","j","e","c","t","e","d"
"R","e","j","e","c","t","e","d"
"R","e","j","e","c","t","e","d"
"R","e","j","e","c","t","e","d"
"R","e","j","e","c","t","e","d"
"R","e","j","e","c","t","e","d"
"R","e","j","e","c","t","e","d"
"W","i","t","h","d","r","a","w","n"
"R","e","j","e","c","t","e","d"
"R","e","j","e","c","t","e","d"
"W","i","t","h","d","r","a","w","n"
"R","e","j","e","c","t","e","d"
"W","i","t","h","d","r","a","w","n"
"R","e","j","e","c","t","e","d"
"R","e","j","e","c","t","e","d"
"W","i","t","h","d","r","a","w","n"
"W","i","t","h","d","r","a","w","n"
"R","e","j","e","c","t","e","d"
"R","e","j","e","c","t","e","d"
"R","e","j","e","c","t","e","d"
"R","e","j","e","c","t","e","d"
"R","e","j","e","c","t","e","d"
"W","i","t","h","d","r","a","w","n"
"R","e","j","e","c","t","e","d"
"R","e","j","e","c","t","e","d"
"R","e","j","e","c","t","e","d"
"R","e","j","e","c","t","e","d"
"R","e","j","e","c","t","e","d"
"W","i","t","h","d","r","a","w","n"
"R","e","j","e","c","t","e","d"
"R","e","j","e","c","t","e","d"
"W","i","t","h","d","r","a","w","n"
"R","e","j","e","c","t","e","d"
"S","u","p","e","r","s","e","d","e","d"
"W","i","t","h","d","r","a","w","n"
"R","e","j","e","c","t","e","d"
"R","e","j","e","c","t","e","d"
"R","e","j","e","c","t","e","d"
"R","e","j","e","c","t","e","d"
"S","u","p","e","r","s","e","d","e","d"
"R","e","j","e","c","t","e","d"
"W","i","t","h","d","r","a","w","n"
"R","e","j","e","c","t","e","d"
"W","i","t","h","d","r","a","w","n"
"R","e","j","e","c","t","e","d"
"S","u","p","e","r","s","e","d","e","d"
"W","i","t","h","d","r","a","w","n"
"R","e","j","e","c","t","e","d"
"W","i","t","h","d","r","a","w","n"
"W","i","t","h","d","r","a","w","n"
"R","e","j","e","c","t","e","d"
"S","u","p","e","r","s","e","d","e","d"
"R","e","j","e","c","t","e","d"
"W","i","t","h","d","r","a","w","n"
"R","e","j","e","c","t","e","d"
"A","p","r","i","l"," ","F","o","o","l","!"
"R","e","j","e","c","t","e","d"
"W","i","t","h","d","r","a","w","n"
"R","e","j","e","c","t","e","d"
"R","e","j","e","c","t","e","d"
"W","i","t","h","d","r","a","w","n"
"R","e","j","e","c","t","e","d"
"W","i","t","h","d","r","a","w","n"
"W","i","t","h","d","r","a","w","n"
"S","u","p","e","r","s","e","d","e","d"
"W","i","t","h","d","r","a","w","n"
"S","u","p","e","r","s","e","d","e","d"
"R","e","j","e","c","t","e","d"
"R","e","j","e","c","t","e","d"
"R","e","j","e","c","t","e","d"
"W","i","t","h","d","r","a","w","n"
"W","i","t","h","d","r","a","w","n"
"W","i","t","h","d","r","a","w","n"
"R","e","j","e","c","t","e","d"
"W","i","t","h","d","r","a","w","n"
"R","e","j","e","c","t","e","d"
"R","e","j","e","c","t","e","d"
"W","i","t","h","d","r","a","w","n"
"W","i","t","h","d","r","a","w","n"
"R","e","j","e","c","t","e","d"
"R","e","j","e","c","t","e","d"
"R","e","j","e","c","t","e","d"
"R","e","j","e","c","t","e","d"
"R","e","j","e","c","t","e","d"
"W","i","t","h","d","r","a","w","n"
"R","e","j","e","c","t","e","d"
"R","e","j","e","c","t","e","d"
"R","e","j","e","c","t","e","d"
"S","u","p","e","r","s","e","d","e","d"
"R","e","j","e","c","t","e","d"
"W","i","t","h","d","r","a","w","n"
"R","e","j","e","c","t","e","d"
"W","i","t","h","d","r","a","w","n"
"R","e","j","e","c","t","e","d"
"W","i","t","h","d","r","a","w","n"
"R","e","j","e","c","t","e","d"
"R","e","j","e","c","t","e","d"
"R","e","j","e","c","t","e","d"
"W","i","t","h","d","r","a","w","n"
"W","i","t","h","d","r","a","w","n"
"W","i","t","h","d","r","a","w","n"
"R","e","j","e","c","t","e","d"
"S","u","p","e","r","s","e","d","e","d"
"W","i","t","h","d","r","a","w","n"
"W","i","t","h","d","r","a","w","n"
"W","i","t","h","d","r","a","w","n"
"R","e","j","e","c","t","e","d"
"W","i","t","h","d","r","a","w","n"
"W","i","t","h","d","r","a","w","n"
"W","i","t","h","d","r","a","w","n"
"S","u","p","e","r","s","e","d","e","d"
"R","e","j","e","c","t","e","d"
"R","e","j","e","c","t","e","d"
"R","e","j","e","c","t","e","d"
"R","e","j","e","c","t","e","d"
"W","i","t","h","d","r","a","w","n"
"S","u","p","e","r","s","e","d","e","d"
"S","u","p","e","r","s","e","d","e","d"
"R","e","j","e","c","t","e","d"
"R","e","j","e","c","t","e","d"
"R","e","j","e","c","t","e","d"
"R","e","j","e","c","t","e","d"
"R","e","j","e","c","t","e","d"
"W","i","t","h","d","r","a","w","n"
"R","e","j","e","c","t","e","d"
"R","e","j","e","c","t","e","d"
"R","e","j","e","c","t","e","d"
"R","e","j","e","c","t","e","d"
"R","e","j","e","c","t","e","d"
"R","e","j","e","c","t","e","d"
"R","e","j","e","c","t","e","d"
"R","e","j","e","c","t","e","d"
"W","i","t","h","d","r","a","w","n"
"R","e","j","e","c","t","e","d"
"R","e","j","e","c","t","e","d"
"R","e","j","e","c","t","e","d"
"R","e","j","e","c","t","e","d"
"R","e","j","e","c","t","e","d"
"R","e","j","e","c","t","e","d"
"R","e","j","e","c","t","e","d"
"R","e","j","e","c","t","e","d"
"R","e","j","e","c","t","e","d"
"R","e","j","e","c","t","e","d"
"R","e","j","e","c","t","e","d"
"R","e","j","e","c","t","e","d"
"W","i","t","h","d","r","a","w","n"
"W","i","t","h","d","r","a","w","n"
"R","e","j","e","c","t","e","d"
"S","u","p","e","r","s","e","d","e","d"
"R","e","j","e","c","t","e","d"
"R","e","j","e","c","t","e","d"
"R","e","j","e","c","t","e","d"
"R","e","j","e","c","t","e","d"
"R","e","j","e","c","t","e","d"
"R","e","j","e","c","t","e","d"
